Transaction_ID,Transaction_Date,Terminal_ID,Receipt_Number,Clerk,Sales_Total,Tax,Sales_Ex_Tax
12382776,16052022_090150,212,1,RENSCHE,21.00,1.91,19.09
,Description,PLU,Quantity,Sales_Inc,Sales_Ex,Original,Item_Disc.
,Steak_Burger,755,1,12.50,11.36,12.50,0.00
,Large_Chips,12,1,7.50,6.82,7.50,0.00
,Gravy_PC,336,1,1.00,0.91,1.00,0.00
,CASH,1,,20.00,,,
,CASH,1,,5.00,,,
,CHANGE,9996,,4.00,,,
12382800,16052022_091259,212,2,RENSCHE,15.90,1.45,14.45
,Description,PLU,Quantity,Sales_Inc,Sales_Ex,Original,Item_Disc.
,Regular_Pork_Meal,134,1,15.90,14.45,15.90,0.00
,EFTPOS,2,,15.90,,,
12382801,16052022_091408,212,3,RENSCHE,17.91,1.63,16.28
,Description,PLU,Quantity,Sales_Inc,Sales_Ex,Original,Item_Disc.
,Large_Lamb_Meal,132,1,17.91,16.28,19.90,1.99
,DISCOUNT,0,,1.99,,,
,CASH,1,,20.00,,,
,CHANGE,9996,,2.10,,,
,CASH_ROUNDING,8010,,-0.01,,,
12382827,16052022_092713,211,1,RENSCHE,9.50,0.86,8.64
,Description,PLU,Quantity,Sales_Inc,Sales_Ex,Original,Item_Disc.
,Bacon_&_Egg_Roll,3,1,7.50,6.82,7.50,0.00
,Hash_Brown,7,1,2.00,1.82,2.00,0.00
,EFTPOS,2,,9.50,,,
12382856,16052022_093903,212,4,RENSCHE,8.50,0.77,7.73
,Description,PLU,Quantity,Sales_Inc,Sales_Ex,Original,Item_Disc.
,Large_Chips,12,1,7.50,6.82,7.50,0.00
,Gravy_PC,336,1,1.00,0.91,1.00,0.00
,CASH,1,,8.50,,,
12382861,16052022_094032,211,2,RENSCHE,26.40,2.39,24.01
,Description,PLU,Quantity,Sales_Inc,Sales_Ex,Original,Item_Disc.
,Big_Breakfast,1,1,16.00,14.55,16.00,0.00
,300ML_Orange_Juice,291,1,5.20,4.73,5.20,0.00
,300ML_Orange_Juice,291,1,5.20,4.73,5.20,0.00
,EFTPOS,2,,26.40,,,
12382877,16052022_094513,211,3,RENSCHE,8.50,0.77,7.73
,Description,PLU,Quantity,Sales_Inc,Sales_Ex,Original,Item_Disc.
,Large_Chips,12,1,7.50,6.82,7.50,0.00
,Gravy_PC,336,1,1.00,0.91,1.00,0.00
,EFTPOS,2,,8.50,,,
12382920,16052022_095637,212,5,RENSCHE,33.20,3.03,30.17
,Description,PLU,Quantity,Sales_Inc,Sales_Ex,Original,Item_Disc.
,HD_Bacon_&_Egg_Burger,1225,1,8.00,7.27,8.00,0.00
,HD_Big_Breakfast,1228,1,17.00,15.45,17.00,0.00
,Breaky_Mushrooms,462,1,3.50,3.18,3.50,0.00
,Sausage,147,1,3.50,3.18,3.50,0.00
,Hollandaise_PC,940,1,1.20,1.09,1.20,0.00
,UBER_EATS,15,,33.20,,,
12382923,16052022_095746,212,6,RENSCHE,6.50,0.59,5.91
,Description,PLU,Quantity,Sales_Inc,Sales_Ex,Original,Item_Disc.
,Regular_Chips,11,1,5.50,5.00,5.50,0.00
,Gravy_PC,336,1,1.00,0.91,1.00,0.00
,EFTPOS,2,,6.50,,,
12382949,16052022_100503,211,4,RENSCHE,7.50,0.68,6.82
,Description,PLU,Quantity,Sales_Inc,Sales_Ex,Original,Item_Disc.
,Large_Chips,12,1,7.50,6.82,7.50,0.00
,EFTPOS,2,,7.50,,,
12382966,16052022_100824,211,5,RENSCHE,15.00,1.36,13.64
,Description,PLU,Quantity,Sales_Inc,Sales_Ex,Original,Item_Disc.
,Cheesy_Bacon_Spud,176,1,11.00,10.00,11.00,0.00
,600ML_Water,264,1,4.00,3.64,4.00,0.00
,CASH,1,,50.00,,,
,CHANGE,9996,,35.00,,,
12382971,16052022_100909,211,6,RENSCHE,1.20,0.11,1.09
,Description,PLU,Quantity,Sales_Inc,Sales_Ex,Original,Item_Disc.
,Sour_Cream_PC,346,1,1.20,1.09,1.20,0.00
,CASH,1,,1.20,,,
12382997,16052022_101634,211,7,RENSCHE,26.90,2.45,24.45
,Description,PLU,Quantity,Sales_Inc,Sales_Ex,Original,Item_Disc.
,PF_Ham_&_Cheese_Toastie,1126,1,8.50,7.73,8.50,0.00
,Battered_Fish_Meal,446,1,13.50,12.27,13.50,0.00
,600ML_Mountain_Dew,283,1,4.90,4.45,4.90,0.00
,CASH,1,,20.00,,,
,CASH,1,,10.00,,,
,CHANGE,9996,,3.10,,,
12383011,16052022_101955,211,8,RENSCHE,13.90,1.26,12.64
,Description,PLU,Quantity,Sales_Inc,Sales_Ex,Original,Item_Disc.
,Small_Lamb_Meal,130,1,13.90,12.64,13.90,0.00
,EFTPOS,2,,13.90,,,
12383017,16052022_102103,211,9,RENSCHE,5.85,0.53,5.32
,Description,PLU,Quantity,Sales_Inc,Sales_Ex,Original,Item_Disc.
,Regular_Chips,11,1,4.95,4.50,5.50,0.55
,Gravy_PC,336,1,0.90,0.82,1.00,0.10
,DISCOUNT,0,,0.65,,,
,CASH,1,,5.00,,,
,CASH,1,,0.85,,,
12383029,16052022_102406,211,10,RENSCHE,28.00,2.54,25.46
,Description,PLU,Quantity,Sales_Inc,Sales_Ex,Original,Item_Disc.
,Mixed_Grill,5,1,18.50,16.82,18.50,0.00
,Brisket_&_Egg_Burger,752,1,9.50,8.64,9.50,0.00
,EFTPOS,2,,28.00,,,
12383043,16052022_102732,211,11,RENSCHE,14.90,1.36,13.54
,Description,PLU,Quantity,Sales_Inc,Sales_Ex,Original,Item_Disc.
,Grilled_Chicken_Wrap,1179,1,10.00,9.09,10.00,0.00
,600ML_Lemonade,282,1,4.90,4.45,4.90,0.00
,EFTPOS,2,,14.90,,,
12383061,16052022_102951,211,12,RENSCHE,11.50,1.04,10.46
,Description,PLU,Quantity,Sales_Inc,Sales_Ex,Original,Item_Disc.
,Bacon_&_Egg_Sandwich,443,1,7.50,6.82,7.50,0.00
,No_Sauce,293,1,0.00,0.00,0.00,0.00
,Regular_White_Tea,232,1,4.00,3.64,4.00,0.00
,EFTPOS,2,,11.50,,,
12383070,16052022_103102,212,7,RENSCHE,10.10,0.92,9.18
,Description,PLU,Quantity,Sales_Inc,Sales_Ex,Original,Item_Disc.
,Regular_Chips,11,1,5.50,5.00,5.50,0.00
,Gravy_PC,336,1,1.00,0.91,1.00,0.00
,Apple_Pop_Top,326,1,3.60,3.27,3.60,0.00
,CASH,1,,50.00,,,
,CHANGE,9996,,39.90,,,
12383075,16052022_103222,212,8,RENSCHE,5.50,0.50,5.00
,Description,PLU,Quantity,Sales_Inc,Sales_Ex,Original,Item_Disc.
,Regular_Chips,11,1,5.50,5.00,5.50,0.00
,CASH,1,,20.00,,,
,CHANGE,9996,,14.50,,,
12383091,16052022_103633,211,13,RENSCHE,12.00,1.09,10.91
,Description,PLU,Quantity,Sales_Inc,Sales_Ex,Original,Item_Disc.
,Large_Lamb_Sub,75,1,12.00,10.91,12.00,0.00
,EFTPOS,2,,12.00,,,
12383105,16052022_104010,211,14,RENSCHE,37.40,3.40,34.00
,Description,PLU,Quantity,Sales_Inc,Sales_Ex,Original,Item_Disc.
,HD_Brisket_&_Egg_Burger,1226,1,10.50,9.55,10.50,0.00
,+_Cheese,352,1,1.50,1.36,1.50,0.00
,BBQ_Sauce,852,1,0.00,0.00,0.00,0.00
,HD_ROAST_LAMB_MEAL,1176,1,17.50,15.91,17.50,0.00
,+_100g_LambPork_Belly,1174,1,7.90,7.18,7.90,0.00
,UBER_EATS,15,,37.40,,,
12383135,16052022_104823,212,9,RENSCHE,15.90,1.45,14.45
,Description,PLU,Quantity,Sales_Inc,Sales_Ex,Original,Item_Disc.
,Regular_Pork_Meal,134,1,15.90,14.45,15.90,0.00
,EFTPOS,2,,15.90,,,
12383156,16052022_105450,212,10,RENSCHE,11.00,1.00,10.00
,Description,PLU,Quantity,Sales_Inc,Sales_Ex,Original,Item_Disc.
,Pork_Sandwich,41,1,9.00,8.18,9.00,0.00
,Tomato_&_Lettuce,435,1,2.00,1.82,2.00,0.00
,CASH,1,,50.00,,,
,CHANGE,9996,,39.00,,,
12383159,16052022_105545,212,11,RENSCHE,28.62,2.60,26.02
,Description,PLU,Quantity,Sales_Inc,Sales_Ex,Original,Item_Disc.
,Regular_Pork_Meal,134,1,14.31,13.01,15.90,1.59
,Regular_Pork_Meal,134,1,14.31,13.01,15.90,1.59
,DISCOUNT,0,,3.18,,,
,EFTPOS,2,,28.62,,,
12383180,16052022_110053,211,15,RENSCHE,35.90,3.27,32.63
,Description,PLU,Quantity,Sales_Inc,Sales_Ex,Original,Item_Disc.
,Large_Beef_Sub,71,1,11.00,10.00,11.00,0.00
,Large_Beef_Sub,71,1,11.00,10.00,11.00,0.00
,Large_Chip_Meal,501,1,4.10,3.73,4.10,0.00
,600ML_Pepsi,276,1,4.90,4.45,4.90,0.00
,600ML_Sunkist,279,1,4.90,4.45,4.90,0.00
,CASH,1,,20.00,,,
,CASH,1,,20.00,,,
,CHANGE,9996,,4.10,,,
12383186,16052022_110159,211,16,RENSCHE,4.10,0.37,3.73
,Description,PLU,Quantity,Sales_Inc,Sales_Ex,Original,Item_Disc.
,Large_Chip_Meal,501,1,4.10,3.73,4.10,0.00
,CASH,1,,4.10,,,
12383192,16052022_110326,212,12,ROB,10.00,0.91,9.09
,Description,PLU,Quantity,Sales_Inc,Sales_Ex,Original,Item_Disc.
,Pork_Belly_Roll,758,1,10.00,9.09,10.00,0.00
,CASH,1,,10.00,,,
12383203,16052022_110836,212,13,ROB,20.80,1.90,18.90
,Description,PLU,Quantity,Sales_Inc,Sales_Ex,Original,Item_Disc.
,Regular_Pork_Meal,134,1,15.90,14.45,15.90,0.00
,600ML_Pepsi_Max,277,1,4.90,4.45,4.90,0.00
,EFTPOS,2,,20.80,,,
12383207,16052022_110931,212,14,ROB,40.80,3.71,37.09
,Description,PLU,Quantity,Sales_Inc,Sales_Ex,Original,Item_Disc.
,Roast_Beef_Wrap,1181,1,10.00,9.09,10.00,0.00
,Meaty_Beef_Sub,1321,1,14.40,13.09,14.40,0.00
,600ML_Lemonade,282,1,4.90,4.45,4.90,0.00
,600ML_Water,264,1,4.00,3.64,4.00,0.00
,Large_Chips,12,1,7.50,6.82,7.50,0.00
,CASH,1,,50.00,,,
,CHANGE,9996,,9.20,,,
12383215,16052022_111103,212,15,RENSCHE,13.50,1.23,12.27
,Description,PLU,Quantity,Sales_Inc,Sales_Ex,Original,Item_Disc.
,Pork_Crackling_Cup,111,1,5.50,5.00,5.50,0.00
,Battered_Fish,545,1,8.00,7.27,8.00,0.00
,CASH,1,,20.00,,,
,CHANGE,9996,,6.50,,,
12383217,16052022_111211,211,17,RENSCHE,7.50,0.68,6.82
,Description,PLU,Quantity,Sales_Inc,Sales_Ex,Original,Item_Disc.
,Mini_Beef_Roll_&_Chip,847,1,7.50,6.82,7.50,0.00
,EFTPOS,2,,7.50,,,
12383224,16052022_111347,211,18,RENSCHE,18.90,1.72,17.18
,Description,PLU,Quantity,Sales_Inc,Sales_Ex,Original,Item_Disc.
,Large_Beef_Meal,126,1,18.90,17.18,18.90,0.00
,EFTPOS,2,,18.90,,,
12383237,16052022_111718,212,16,RENSCHE,17.01,1.55,15.46
,Description,PLU,Quantity,Sales_Inc,Sales_Ex,Original,Item_Disc.
,Large_Pork_Meal,135,1,17.01,15.46,18.90,1.89
,DISCOUNT,0,,1.89,,,
,EFTPOS,2,,17.01,,,
12383260,16052022_112412,212,17,RENSCHE,11.00,1.00,10.00
,Description,PLU,Quantity,Sales_Inc,Sales_Ex,Original,Item_Disc.
,Large_Beef_Sub,71,1,11.00,10.00,11.00,0.00
,EFTPOS,2,,11.00,,,
12383267,16052022_112539,212,18,RENSCHE,14.31,1.30,13.01
,Description,PLU,Quantity,Sales_Inc,Sales_Ex,Original,Item_Disc.
,Regular_Beef_Meal,125,1,14.31,13.01,15.90,1.59
,DISCOUNT,0,,1.59,,,
,CASH,1,,14.30,,,
,CASH_ROUNDING,8010,,-0.01,,,
12383272,16052022_112614,212,19,RENSCHE,5.20,0.47,4.73
,Description,PLU,Quantity,Sales_Inc,Sales_Ex,Original,Item_Disc.
,300ML_Orange_Juice,291,1,5.20,4.73,5.20,0.00
,CASH,1,,10.00,,,
,CHANGE,9996,,4.80,,,
12383299,16052022_113052,211,19,RENSCHE,13.50,1.23,12.27
,Description,PLU,Quantity,Sales_Inc,Sales_Ex,Original,Item_Disc.
,Battered_Fish_Meal,446,1,13.50,12.27,13.50,0.00
,CASH,1,,13.50,,,
12383306,16052022_113313,211,20,RENSCHE,24.10,2.19,21.91
,Description,PLU,Quantity,Sales_Inc,Sales_Ex,Original,Item_Disc.
,Large_Beef_Meal,126,1,18.90,17.18,18.90,0.00
,300ML_Orange_Juice,291,1,5.20,4.73,5.20,0.00
,EFTPOS,2,,24.10,,,
12383326,16052022_113750,212,20,RENSCHE,28.71,2.60,26.11
,Description,PLU,Quantity,Sales_Inc,Sales_Ex,Original,Item_Disc.
,Battered_Fish_Meal,446,1,12.15,11.05,13.50,1.35
,Battered_Fish_Meal,446,1,12.15,11.05,13.50,1.35
,600ML_Solo,280,1,4.41,4.01,4.90,0.49
,DISCOUNT,0,,3.19,,,
,CASH,1,,50.00,,,
,CHANGE,9996,,21.30,,,
,CASH_ROUNDING,8010,,-0.01,,,
12383343,16052022_114058,211,21,RENSCHE,15.90,1.45,14.45
,Description,PLU,Quantity,Sales_Inc,Sales_Ex,Original,Item_Disc.
,Large_Pork_Sub,77,1,11.00,10.00,11.00,0.00
,600ML_Pepsi,276,1,4.90,4.45,4.90,0.00
,EFTPOS,2,,15.90,,,
12383346,16052022_114235,212,21,ROB,19.90,1.81,18.09
,Description,PLU,Quantity,Sales_Inc,Sales_Ex,Original,Item_Disc.
,Regular_Beef_Meal,125,1,15.90,14.45,15.90,0.00
,600ML_Water,264,1,4.00,3.64,4.00,0.00
,CASH,1,,50.00,,,
,CHANGE,9996,,30.10,,,
12383359,16052022_114524,212,22,ROB,9.00,0.82,8.18
,Description,PLU,Quantity,Sales_Inc,Sales_Ex,Original,Item_Disc.
,Large_Chip_Meal,501,1,4.10,3.73,4.10,0.00
,600ML_Pepsi,276,1,4.90,4.45,4.90,0.00
,CASH,1,,9.00,,,
12383362,16052022_114548,212,23,ROB,-9.00,-0.82,-8.18
,Description,PLU,Quantity,Sales_Inc,Sales_Ex,Original,Item_Disc.
,Large_Chip_Meal,501,-1,-4.10,-3.73,-4.10,0.00
,600ML_Pepsi,276,-1,-4.90,-4.45,-4.90,0.00
,CASH,1,,-9.00,,,
12383375,16052022_114812,211,22,RENSCHE,22.00,2.00,20.00
,Description,PLU,Quantity,Sales_Inc,Sales_Ex,Original,Item_Disc.
,Reg_Beef_Sub,70,1,9.00,8.18,9.00,0.00
,Large_Chip_Meal_,1136,1,9.00,8.18,9.00,0.00
,Large_Chip_Meal,501,1,0.00,0.00,0.00,0.00
,600ML_Water,264,1,0.00,0.00,0.00,0.00
,600ML_Water,264,1,4.00,3.64,4.00,0.00
,EFTPOS,2,,22.00,,,
12383379,16052022_114853,212,24,RENSCHE,8.10,0.74,7.36
,Description,PLU,Quantity,Sales_Inc,Sales_Ex,Original,Item_Disc.
,Reg_Pork_Sub,76,1,8.10,7.36,9.00,0.90
,DISCOUNT,0,,0.90,,,
,EFTPOS,2,,8.10,,,
12383389,16052022_115035,212,25,ROB,11.50,1.04,10.46
,Description,PLU,Quantity,Sales_Inc,Sales_Ex,Original,Item_Disc.
,Large_Chips,12,1,7.50,6.82,7.50,0.00
,600ML_Water,264,1,4.00,3.64,4.00,0.00
,EFTPOS,2,,11.50,,,
12383408,16052022_115504,211,23,RENSCHE,8.50,0.77,7.73
,Description,PLU,Quantity,Sales_Inc,Sales_Ex,Original,Item_Disc.
,Large_Chips,12,1,7.50,6.82,7.50,0.00
,Gravy_PC,336,1,1.00,0.91,1.00,0.00
,CASH,1,,8.50,,,
12383416,16052022_115637,211,24,RENSCHE,18.90,1.72,17.18
,Description,PLU,Quantity,Sales_Inc,Sales_Ex,Original,Item_Disc.
,Large_Chips,12,1,7.50,6.82,7.50,0.00
,600ML_Pepsi_Max,277,1,4.90,4.45,4.90,0.00
,Regular_Potato_Bake,496,1,6.50,5.91,6.50,0.00
,CASH,1,,50.00,,,
,CHANGE,9996,,31.10,,,
12383430,16052022_115916,212,26,ROB,19.90,1.81,18.09
,Description,PLU,Quantity,Sales_Inc,Sales_Ex,Original,Item_Disc.
,Regular_Beef_Meal,125,1,15.90,14.45,15.90,0.00
,600ML_Water,264,1,4.00,3.64,4.00,0.00
,EFTPOS,2,,19.90,,,
12383432,16052022_115950,212,27,RENSCHE,24.40,2.22,22.18
,Description,PLU,Quantity,Sales_Inc,Sales_Ex,Original,Item_Disc.
,PF_Steak_Toastie,1182,1,11.00,10.00,11.00,0.00
,Large_Chips,12,1,7.50,6.82,7.50,0.00
,Gravy_PC,336,1,1.00,0.91,1.00,0.00
,600ML_Pepsi_Max,277,1,4.90,4.45,4.90,0.00
,EFTPOS,2,,24.40,,,
12383440,16052022_120139,211,25,ROB,43.80,3.99,39.81
,Description,PLU,Quantity,Sales_Inc,Sales_Ex,Original,Item_Disc.
,Regular_Beef_Meal,125,1,15.90,14.45,15.90,0.00
,600ML_Pepsi,276,1,4.90,4.45,4.90,0.00
,Battered_Fish_Meal,446,1,13.50,12.27,13.50,0.00
,Bacon_&_Egg_Roll,3,1,7.50,6.82,7.50,0.00
,BBQ_Sauce,852,1,0.00,0.00,0.00,0.00
,Hash_Brown,7,1,2.00,1.82,2.00,0.00
,EFTPOS,2,,43.80,,,
12383459,16052022_120424,212,28,RENSCHE,15.50,1.41,14.09
,Description,PLU,Quantity,Sales_Inc,Sales_Ex,Original,Item_Disc.
,Reg_Beef_Sub,70,1,9.00,8.18,9.00,0.00
,Regular_Chips,11,1,5.50,5.00,5.50,0.00
,Gravy_PC,336,1,1.00,0.91,1.00,0.00
,CASH,1,,20.00,,,
,CHANGE,9996,,4.50,,,
12383463,16052022_120530,212,29,RENSCHE,8.50,0.77,7.73
,Description,PLU,Quantity,Sales_Inc,Sales_Ex,Original,Item_Disc.
,Large_Chips,12,1,7.50,6.82,7.50,0.00
,Gravy_PC,336,1,1.00,0.91,1.00,0.00
,EFTPOS,2,,8.50,,,
12383468,16052022_120619,212,30,ROB,12.50,1.13,11.37
,Description,PLU,Quantity,Sales_Inc,Sales_Ex,Original,Item_Disc.
,Mega_Chips,13,1,10.50,9.55,10.50,0.00
,Gravy_PC,336,1,1.00,0.91,1.00,0.00
,Gravy_PC,336,1,1.00,0.91,1.00,0.00
,EFTPOS,2,,12.50,,,
12383467,16052022_120629,211,26,RENSCHE,6.50,0.59,5.91
,Description,PLU,Quantity,Sales_Inc,Sales_Ex,Original,Item_Disc.
,Regular_Chips,11,1,5.50,5.00,5.50,0.00
,Gravy_PC,336,1,1.00,0.91,1.00,0.00
,EFTPOS,2,,6.50,,,
12383475,16052022_120854,211,27,RENSCHE,18.72,1.70,17.02
,Description,PLU,Quantity,Sales_Inc,Sales_Ex,Original,Item_Disc.
,Regular_Beef_Meal,125,1,14.31,13.01,15.90,1.59
,600ML_Pepsi,276,1,4.41,4.01,4.90,0.49
,DISCOUNT,0,,2.08,,,
,CASH,1,,20.00,,,
,CHANGE,9996,,1.30,,,
,CASH_ROUNDING,8010,,-0.02,,,
12383483,16052022_121032,212,31,SAM,13.70,1.24,12.46
,Description,PLU,Quantity,Sales_Inc,Sales_Ex,Original,Item_Disc.
,Large_Chips,12,1,7.50,6.82,7.50,0.00
,Gravy_PC,336,1,1.00,0.91,1.00,0.00
,Lipton_Iced_Tea_Peach,1109,1,5.20,4.73,5.20,0.00
,CASH,1,,15.00,,,
,CHANGE,9996,,1.30,,,
12383488,16052022_121203,212,32,RENSCHE,5.50,0.50,5.00
,Description,PLU,Quantity,Sales_Inc,Sales_Ex,Original,Item_Disc.
,Regular_Chips,11,1,5.50,5.00,5.50,0.00
,EFTPOS,2,,5.50,,,
12383490,16052022_121238,212,33,SAM,19.90,1.81,18.09
,Description,PLU,Quantity,Sales_Inc,Sales_Ex,Original,Item_Disc.
,Regular_Pork_Meal,134,1,15.90,14.45,15.90,0.00
,600ML_Water,264,1,4.00,3.64,4.00,0.00
,EFTPOS,2,,19.90,,,
12383512,16052022_121644,212,34,RENSCHE,26.91,2.44,24.47
,Description,PLU,Quantity,Sales_Inc,Sales_Ex,Original,Item_Disc.
,Large_Chips,12,1,6.75,6.14,7.50,0.75
,Large_Chips,12,1,6.75,6.14,7.50,0.75
,Gravy_PC,336,1,0.90,0.82,1.00,0.10
,Reg_Pork_Sub,76,1,8.10,7.36,9.00,0.90
,600ML_Sunkist,279,1,4.41,4.01,4.90,0.49
,DISCOUNT,0,,2.99,,,
,CASH,1,,50.00,,,
,CHANGE,9996,,23.10,,,
,CASH_ROUNDING,8010,,-0.01,,,
12383517,16052022_121718,211,28,SAM,18.00,1.63,16.37
,Description,PLU,Quantity,Sales_Inc,Sales_Ex,Original,Item_Disc.
,Regular_Sweet_Potato_Fry,905,1,7.50,6.82,7.50,0.00
,Gravy_PC,336,1,1.00,0.91,1.00,0.00
,PF_Pork_Toastie,1128,1,9.50,8.64,9.50,0.00
,EFTPOS,2,,18.00,,,
12383531,16052022_121947,211,29,ROB,41.40,3.77,37.63
,Description,PLU,Quantity,Sales_Inc,Sales_Ex,Original,Item_Disc.
,Large_Chips,12,1,7.50,6.82,7.50,0.00
,HD_Gravy,1230,1,1.50,1.36,1.50,0.00
,HD_Beef_Carvery_Burger,1232,1,12.00,10.91,12.00,0.00
,Gravy,857,1,0.00,0.00,0.00,0.00
,HD_Pork_Carvery_Burger,1233,1,12.00,10.91,12.00,0.00
,+_Cheese,352,1,1.50,1.36,1.50,0.00
,+_Egg,360,1,2.00,1.82,2.00,0.00
,Gravy,857,1,0.00,0.00,0.00,0.00
,600ML_Solo,280,1,4.90,4.45,4.90,0.00
,UBER_EATS,15,,41.40,,,
12383536,16052022_122051,211,30,RENSCHE,14.40,1.31,13.09
,Description,PLU,Quantity,Sales_Inc,Sales_Ex,Original,Item_Disc.
,Meaty_Pork_Sub,1322,1,14.40,13.09,14.40,0.00
,CASH,1,,5.00,,,
,EFTPOS,2,,9.40,,,
12383537,16052022_122112,212,35,SAM,11.70,1.06,10.64
,Description,PLU,Quantity,Sales_Inc,Sales_Ex,Original,Item_Disc.
,Tropical_Spud,178,1,11.70,10.64,11.70,0.00
,EFTPOS,2,,11.70,,,
12383552,16052022_122447,212,36,RENSCHE,20.90,1.90,19.00
,Description,PLU,Quantity,Sales_Inc,Sales_Ex,Original,Item_Disc.
,HD_Brisket_Triple_Cheese_Toastie,1251,1,10.50,9.55,10.50,0.00
,Pork_Crackling_Cup,111,1,5.50,5.00,5.50,0.00
,600ML_Pepsi_Max,277,1,4.90,4.45,4.90,0.00
,UBER_EATS,15,,20.90,,,
12383554,16052022_122505,211,31,RENSCHE,8.50,0.77,7.73
,Description,PLU,Quantity,Sales_Inc,Sales_Ex,Original,Item_Disc.
,Large_Gems,17,1,7.50,6.82,7.50,0.00
,Gravy_PC,336,1,1.00,0.91,1.00,0.00
,EFTPOS,2,,8.50,,,
12383563,16052022_122700,211,32,RENSCHE,20.40,1.86,18.54
,Description,PLU,Quantity,Sales_Inc,Sales_Ex,Original,Item_Disc.
,Regular_Chips,11,1,5.50,5.00,5.50,0.00
,Roast_Pork_Wrap,1180,1,10.00,9.09,10.00,0.00
,600ML_Mountain_Dew,283,1,4.90,4.45,4.90,0.00
,EFTPOS,2,,20.40,,,
12383574,16052022_122942,211,33,ROB,34.00,3.09,30.91
,Description,PLU,Quantity,Sales_Inc,Sales_Ex,Original,Item_Disc.
,HD_Pork_Sub,1242,1,12.00,10.91,12.00,0.00
,Pork_Crackling_Cup,111,1,5.50,5.00,5.50,0.00
,HD_ROAST_BEEF_MEAL,864,1,16.50,15.00,16.50,0.00
,UBER_EATS,15,,34.00,,,
12383579,16052022_123107,212,37,RENSCHE,38.40,3.51,34.89
,Description,PLU,Quantity,Sales_Inc,Sales_Ex,Original,Item_Disc.
,Beef_Brisket_Burger,754,1,11.50,10.45,11.50,0.00
,Large_Chip_Meal,501,1,4.10,3.73,4.10,0.00
,600ML_Mountain_Dew,283,1,4.90,4.45,4.90,0.00
,Pork_Belly_Burger,904,1,11.50,10.45,11.50,0.00
,Sm_Chip_Meal,32,1,1.50,1.36,1.50,0.00
,600ML_Solo,280,1,4.90,4.45,4.90,0.00
,EFTPOS,2,,38.40,,,
12383590,16052022_123258,211,34,SAM,34.80,3.17,31.63
,Description,PLU,Quantity,Sales_Inc,Sales_Ex,Original,Item_Disc.
,Large_Beef_Meal,126,1,18.90,17.18,18.90,0.00
,Regular_Beef_Meal,125,1,15.90,14.45,15.90,0.00
,EFTPOS,2,,34.80,,,
12383594,16052022_123318,212,38,RENSCHE,10.00,0.91,9.09
,Description,PLU,Quantity,Sales_Inc,Sales_Ex,Original,Item_Disc.
,PF_Brisket_&_Cheese_Toastie,1127,1,10.00,9.09,10.00,0.00
,CASH,1,,20.00,,,
,CHANGE,9996,,10.00,,,
12383600,16052022_123436,212,39,RENSCHE,6.50,0.59,5.91
,Description,PLU,Quantity,Sales_Inc,Sales_Ex,Original,Item_Disc.
,Regular_Chips,11,1,5.50,5.00,5.50,0.00
,Gravy_PC,336,1,1.00,0.91,1.00,0.00
,EFTPOS,2,,6.50,,,
12383608,16052022_123640,211,35,RENSCHE,16.50,1.50,15.00
,Description,PLU,Quantity,Sales_Inc,Sales_Ex,Original,Item_Disc.
,Cheesy_Bacon_Spud,176,1,11.00,10.00,11.00,0.00
,Blue_Bolt_Gatorade,303,1,5.50,5.00,5.50,0.00
,EFTPOS,2,,16.50,,,
12383619,16052022_123845,211,36,SAM,11.70,1.06,10.64
,Description,PLU,Quantity,Sales_Inc,Sales_Ex,Original,Item_Disc.
,Tropical_Spud,178,1,11.70,10.64,11.70,0.00
,EFTPOS,2,,11.70,,,
12383629,16052022_124028,211,37,RENSCHE,27.90,2.54,25.36
,Description,PLU,Quantity,Sales_Inc,Sales_Ex,Original,Item_Disc.
,Reg_Beef_Sub,70,1,9.00,8.18,9.00,0.00
,Large_Chips,12,1,7.50,6.82,7.50,0.00
,Gravy_PC,336,1,1.00,0.91,1.00,0.00
,Regular_Chips,11,1,5.50,5.00,5.50,0.00
,600ML_Pepsi,276,1,4.90,4.45,4.90,0.00
,EFTPOS,2,,27.90,,,
12383634,16052022_124110,212,40,ROB,21.90,1.99,19.91
,Description,PLU,Quantity,Sales_Inc,Sales_Ex,Original,Item_Disc.
,Large_Chips,12,1,7.50,6.82,7.50,0.00
,Gravy_PC,336,1,1.00,0.91,1.00,0.00
,600ML_Sunkist,279,1,4.90,4.45,4.90,0.00
,Large_Gems,17,1,7.50,6.82,7.50,0.00
,Gravy_PC,336,1,1.00,0.91,1.00,0.00
,CASH,1,,50.00,,,
,CHANGE,9996,,28.10,,,
12383661,16052022_124314,211,38,SAM,29.80,2.72,27.08
,Description,PLU,Quantity,Sales_Inc,Sales_Ex,Original,Item_Disc.
,Battered_Fish_Meal,446,1,13.50,12.27,13.50,0.00
,Regular_Chips,11,1,5.50,5.00,5.50,0.00
,Gravy_PC,336,1,1.00,0.91,1.00,0.00
,600ML_Passiona,284,1,4.90,4.45,4.90,0.00
,600ML_Pepsi,276,1,4.90,4.45,4.90,0.00
,EFTPOS,2,,29.80,,,
12383669,16052022_124446,211,39,RENSCHE,8.50,0.77,7.73
,Description,PLU,Quantity,Sales_Inc,Sales_Ex,Original,Item_Disc.
,Large_Gems,17,1,7.50,6.82,7.50,0.00
,Gravy_PC,336,1,1.00,0.91,1.00,0.00
,EFTPOS,2,,8.50,,,
12383672,16052022_124510,211,40,RENSCHE,12.10,1.10,11.00
,Description,PLU,Quantity,Sales_Inc,Sales_Ex,Original,Item_Disc.
,Large_Chips,12,1,7.50,6.82,7.50,0.00
,Gravy_PC,336,1,1.00,0.91,1.00,0.00
,Apple_Pop_Top,326,1,3.60,3.27,3.60,0.00
,CASH,1,,10.00,,,
,CASH,1,,5.00,,,
,CHANGE,9996,,2.90,,,
12383675,16052022_124546,211,41,SAM,11.50,1.04,10.46
,Description,PLU,Quantity,Sales_Inc,Sales_Ex,Original,Item_Disc.
,Mega_Gems,18,1,10.50,9.55,10.50,0.00
,Gravy_PC,336,1,1.00,0.91,1.00,0.00
,EFTPOS,2,,11.50,,,
12383678,16052022_124647,211,42,RENSCHE,31.80,2.90,28.90
,Description,PLU,Quantity,Sales_Inc,Sales_Ex,Original,Item_Disc.
,Regular_Beef_Meal,125,1,15.90,14.45,15.90,0.00
,Regular_Pork_Meal,134,1,15.90,14.45,15.90,0.00
,EFTPOS,2,,31.80,,,
12383689,16052022_124901,211,43,SAM,32.20,2.93,29.27
,Description,PLU,Quantity,Sales_Inc,Sales_Ex,Original,Item_Disc.
,Buttermilk_Chicken_Burger,1307,1,10.00,9.09,10.00,0.00
,Add_Chips_Promo,1308,1,2.00,1.82,2.00,0.00
,Regular_Gems,16,1,5.50,5.00,5.50,0.00
,Gravy_PC,336,1,1.00,0.91,1.00,0.00
,Extra_Meat_50g,964,1,3.90,3.55,3.90,0.00
,600ML_Sunkist,279,1,4.90,4.45,4.90,0.00
,600ML_Pepsi_Max,277,1,4.90,4.45,4.90,0.00
,EFTPOS,2,,32.20,,,
12383702,16052022_125248,211,44,RENSCHE,8.50,0.77,7.73
,Description,PLU,Quantity,Sales_Inc,Sales_Ex,Original,Item_Disc.
,Large_Chips,12,1,7.50,6.82,7.50,0.00
,Gravy_PC,336,1,1.00,0.91,1.00,0.00
,EFTPOS,2,,8.50,,,
12383704,16052022_125300,211,45,SAM,7.50,0.68,6.82
,Description,PLU,Quantity,Sales_Inc,Sales_Ex,Original,Item_Disc.
,Large_Chips,12,1,7.50,6.82,7.50,0.00
,EFTPOS,2,,7.50,,,
12383709,16052022_125332,211,46,SAM,28.00,2.54,25.46
,Description,PLU,Quantity,Sales_Inc,Sales_Ex,Original,Item_Disc.
,Roast_Beef_Wrap,1181,1,10.00,9.09,10.00,0.00
,Roast_Beef_Wrap,1181,1,10.00,9.09,10.00,0.00
,Small_Latte,224,1,4.00,3.64,4.00,0.00
,Small_Latte,224,1,4.00,3.64,4.00,0.00
,EFTPOS,2,,28.00,,,
12383721,16052022_125541,211,47,ROB,10.00,0.91,9.09
,Description,PLU,Quantity,Sales_Inc,Sales_Ex,Original,Item_Disc.
,PF_Brisket_&_Cheese_Toastie,1127,1,10.00,9.09,10.00,0.00
,EFTPOS,2,,10.00,,,
12383727,16052022_125646,211,48,ROB,17.90,1.63,16.27
,Description,PLU,Quantity,Sales_Inc,Sales_Ex,Original,Item_Disc.
,Regular_Chips,11,1,5.50,5.00,5.50,0.00
,Gravy_PC,336,1,1.00,0.91,1.00,0.00
,Regular_Chips,11,1,5.50,5.00,5.50,0.00
,Gravy_PC,336,1,1.00,0.91,1.00,0.00
,600ML_Sunkist,279,1,4.90,4.45,4.90,0.00
,CASH,1,,17.90,,,
12383731,16052022_125814,211,49,RENSCHE,15.90,1.44,14.46
,Description,PLU,Quantity,Sales_Inc,Sales_Ex,Original,Item_Disc.
,Lipton_Iced_Tea_Lemon,1111,1,5.20,4.73,5.20,0.00
,Lipton_Iced_Tea_Lemon,1111,1,5.20,4.73,5.20,0.00
,Regular_Chips,11,1,5.50,5.00,5.50,0.00
,EFTPOS,2,,15.90,,,
12383735,16052022_125903,211,50,ROB,10.50,0.95,9.55
,Description,PLU,Quantity,Sales_Inc,Sales_Ex,Original,Item_Disc.
,Fish_Burger,195,1,8.50,7.73,8.50,0.00
,+_Onion,354,1,1.00,0.91,1.00,0.00
,+_Tomato,356,1,1.00,0.91,1.00,0.00
,CASH,1,,50.00,,,
,CHANGE,9996,,39.50,,,
12383740,16052022_125948,211,51,RENSCHE,5.50,0.50,5.00
,Description,PLU,Quantity,Sales_Inc,Sales_Ex,Original,Item_Disc.
,Regular_Chips,11,1,5.50,5.00,5.50,0.00
,EFTPOS,2,,5.50,,,
12383742,16052022_130004,211,52,RENSCHE,5.85,0.53,5.32
,Description,PLU,Quantity,Sales_Inc,Sales_Ex,Original,Item_Disc.
,Regular_Chips,11,1,4.95,4.50,5.50,0.55
,Gravy_PC,336,1,0.90,0.82,1.00,0.10
,DISCOUNT,0,,0.65,,,
,CASH,1,,10.00,,,
,CHANGE,9996,,4.15,,,
12383751,16052022_130158,211,53,RENSCHE,12.90,1.17,11.73
,Description,PLU,Quantity,Sales_Inc,Sales_Ex,Original,Item_Disc.
,Small_Beef_Meal,124,1,12.90,11.73,12.90,0.00
,EFTPOS,2,,12.90,,,
12383752,16052022_130236,211,54,SAM,14.40,1.31,13.09
,Description,PLU,Quantity,Sales_Inc,Sales_Ex,Original,Item_Disc.
,Brisket_Topped_Chips,815,1,9.50,8.64,9.50,0.00
,600ML_Passiona,284,1,4.90,4.45,4.90,0.00
,EFTPOS,2,,14.40,,,
12383768,16052022_130532,211,55,RENSCHE,6.50,0.59,5.91
,Description,PLU,Quantity,Sales_Inc,Sales_Ex,Original,Item_Disc.
,Regular_Gems,16,1,5.50,5.00,5.50,0.00
,Gravy_PC,336,1,1.00,0.91,1.00,0.00
,EFTPOS,2,,6.50,,,
12383771,16052022_130556,211,56,SAM,16.40,1.50,14.90
,Description,PLU,Quantity,Sales_Inc,Sales_Ex,Original,Item_Disc.
,Beef_Brisket_Burger,754,1,11.50,10.45,11.50,0.00
,600ML_Pepsi,276,1,4.90,4.45,4.90,0.00
,EFTPOS,2,,16.40,,,
12383775,16052022_130658,211,57,RENSCHE,20.00,1.82,18.18
,Description,PLU,Quantity,Sales_Inc,Sales_Ex,Original,Item_Disc.
,Pork_Belly_Burger,904,1,11.50,10.45,11.50,0.00
,Large_Chips,12,1,7.50,6.82,7.50,0.00
,Gravy_PC,336,1,1.00,0.91,1.00,0.00
,EFTPOS,2,,20.00,,,
12383782,16052022_130835,211,58,SAM,15.90,1.45,14.45
,Description,PLU,Quantity,Sales_Inc,Sales_Ex,Original,Item_Disc.
,Regular_Beef_Meal,125,1,15.90,14.45,15.90,0.00
,CASH,1,,20.00,,,
,CHANGE,9996,,4.10,,,
12383793,16052022_131031,211,59,RENSCHE,25.49,2.31,23.18
,Description,PLU,Quantity,Sales_Inc,Sales_Ex,Original,Item_Disc.
,Pork_Crackling_Cup,111,1,5.50,5.00,5.50,0.00
,Large_Chips,12,1,7.50,6.82,7.50,0.00
,Gravy_PC,336,1,1.00,0.91,1.00,0.00
,Gravy_PC,336,1,1.00,0.91,1.00,0.00
,300ML_Orange_Juice,291,1,5.20,4.73,5.20,0.00
,300ML_Orange_Juice,291,1,5.20,4.73,5.20,0.00
,Misc,370,1,-0.01,-0.01,-0.01,0.00
,Misc,370,1,0.10,0.09,0.10,0.00
,EFTPOS,2,,25.49,,,
12383801,16052022_131157,212,41,SAM,8.50,0.77,7.73
,Description,PLU,Quantity,Sales_Inc,Sales_Ex,Original,Item_Disc.
,Large_Chips,12,1,7.50,6.82,7.50,0.00
,Gravy_PC,336,1,1.00,0.91,1.00,0.00
,EFTPOS,2,,8.50,,,
12383832,16052022_131838,212,42,SAM,18.70,1.70,17.00
,Description,PLU,Quantity,Sales_Inc,Sales_Ex,Original,Item_Disc.
,Battered_Fish_Meal,446,1,13.50,12.27,13.50,0.00
,Lipton_Iced_Tea_Lemon,1111,1,5.20,4.73,5.20,0.00
,EFTPOS,2,,18.70,,,
12383843,16052022_131943,212,43,SAM,11.61,1.06,10.55
,Description,PLU,Quantity,Sales_Inc,Sales_Ex,Original,Item_Disc.
,Small_Beef_Meal,124,1,11.61,10.55,12.90,1.29
,DISCOUNT,0,,1.29,,,
,EFTPOS,2,,11.61,,,
12383853,16052022_132158,211,60,ROB,14.70,1.34,13.36
,Description,PLU,Quantity,Sales_Inc,Sales_Ex,Original,Item_Disc.
,Battered_Fish_Meal,446,1,13.50,12.27,13.50,0.00
,Tomato_Sauce_PC,348,1,1.20,1.09,1.20,0.00
,EFTPOS,2,,14.70,,,
12383856,16052022_132238,211,61,ROB,23.20,2.11,21.09
,Description,PLU,Quantity,Sales_Inc,Sales_Ex,Original,Item_Disc.
,Reg_Beef_Sub,70,1,9.00,8.18,9.00,0.00
,Cheese_Slaw_Spud,539,1,9.00,8.18,9.00,0.00
,Lipton_Iced_Tea_Peach,1109,1,5.20,4.73,5.20,0.00
,EFTPOS,2,,23.20,,,
12383865,16052022_132423,212,44,SAM,19.60,1.79,17.81
,Description,PLU,Quantity,Sales_Inc,Sales_Ex,Original,Item_Disc.
,Battered_Fish_Meal,446,1,13.50,12.27,13.50,0.00
,Tartare_Sauce_PC,296,1,1.20,1.09,1.20,0.00
,600ML_Pepsi_Max,277,1,4.90,4.45,4.90,0.00
,EFTPOS,2,,19.60,,,
12383866,16052022_132457,212,45,SAM,9.00,0.82,8.18
,Description,PLU,Quantity,Sales_Inc,Sales_Ex,Original,Item_Disc.
,Reg_Beef_Sub,70,1,9.00,8.18,9.00,0.00
,CASH,1,,10.00,,,
,CHANGE,9996,,1.00,,,
12383879,16052022_132818,212,46,SAM,7.50,0.68,6.82
,Description,PLU,Quantity,Sales_Inc,Sales_Ex,Original,Item_Disc.
,Add_Chips_Promo,1308,1,2.00,1.82,2.00,0.00
,Mini_Lamb_Sub,1220,1,5.50,5.00,5.50,0.00
,EFTPOS,2,,7.50,,,
12383881,16052022_132842,212,47,SAM,4.90,0.45,4.45
,Description,PLU,Quantity,Sales_Inc,Sales_Ex,Original,Item_Disc.
,600ML_Pepsi_Max,277,1,4.90,4.45,4.90,0.00
,EFTPOS,2,,4.90,,,
12383885,16052022_132924,211,62,RENSCHE,5.20,0.47,4.73
,Description,PLU,Quantity,Sales_Inc,Sales_Ex,Original,Item_Disc.
,300ML_Orange_Juice,291,1,5.20,4.73,5.20,0.00
,CASH,1,,5.20,,,
12383889,16052022_133027,211,63,RENSCHE,22.70,2.07,20.63
,Description,PLU,Quantity,Sales_Inc,Sales_Ex,Original,Item_Disc.
,Small_Pork_Meal,133,1,12.90,11.73,12.90,0.00
,600ML_Passiona,284,1,4.90,4.45,4.90,0.00
,600ML_Sunkist,279,1,4.90,4.45,4.90,0.00
,EFTPOS,2,,22.70,,,
12383907,16052022_133317,211,64,RENSCHE,25.70,2.33,23.37
,Description,PLU,Quantity,Sales_Inc,Sales_Ex,Original,Item_Disc.
,Large_Sweet_Potato_Fry,906,1,9.50,8.64,9.50,0.00
,Lamb_&_Mint_Wrap,1207,1,11.00,10.00,11.00,0.00
,300ML_Orange_Juice,291,1,5.20,4.73,5.20,0.00
,CASH,1,,50.00,,,
,CHANGE,9996,,24.30,,,
12383922,16052022_133526,212,48,ROB,4.95,0.45,4.50
,Description,PLU,Quantity,Sales_Inc,Sales_Ex,Original,Item_Disc.
,Regular_Chips,11,1,4.95,4.50,5.50,0.55
,DISCOUNT,0,,0.55,,,
,EFTPOS,2,,4.95,,,
12383931,16052022_133736,212,49,ROB,10.40,0.95,9.45
,Description,PLU,Quantity,Sales_Inc,Sales_Ex,Original,Item_Disc.
,Pork_Crackling_Cup,111,1,5.50,5.00,5.50,0.00
,600ML_Pepsi_Max,277,1,4.90,4.45,4.90,0.00
,EFTPOS,2,,10.40,,,
12383935,16052022_133911,212,50,ROB,6.50,0.59,5.91
,Description,PLU,Quantity,Sales_Inc,Sales_Ex,Original,Item_Disc.
,Regular_Chips,11,1,5.50,5.00,5.50,0.00
,Gravy_PC,336,1,1.00,0.91,1.00,0.00
,EFTPOS,2,,6.50,,,
12383937,16052022_133951,212,51,RENSCHE,5.85,0.53,5.32
,Description,PLU,Quantity,Sales_Inc,Sales_Ex,Original,Item_Disc.
,Regular_Gems,16,1,4.95,4.50,5.50,0.55
,Gravy_PC,336,1,0.90,0.82,1.00,0.10
,DISCOUNT,0,,0.65,,,
,EFTPOS,2,,5.85,,,
12383957,16052022_134443,211,65,RENSCHE,20.40,1.86,18.54
,Description,PLU,Quantity,Sales_Inc,Sales_Ex,Original,Item_Disc.
,Reg_Beef_Sub,70,1,9.00,8.18,9.00,0.00
,Regular_Chips,11,1,5.50,5.00,5.50,0.00
,Gravy_PC,336,1,1.00,0.91,1.00,0.00
,600ML_Mountain_Dew,283,1,4.90,4.45,4.90,0.00
,EFTPOS,2,,20.40,,,
12383964,16052022_134618,211,66,ROB,27.90,2.53,25.37
,Description,PLU,Quantity,Sales_Inc,Sales_Ex,Original,Item_Disc.
,HD_Classic_Burger,1259,1,10.00,9.09,10.00,0.00
,Tomato_Sauce,854,1,0.00,0.00,0.00,0.00
,Large_Chips,12,1,7.50,6.82,7.50,0.00
,300ML_Orange_Juice,291,1,5.20,4.73,5.20,0.00
,300ML_Orange_Juice,291,1,5.20,4.73,5.20,0.00
,UBER_EATS,15,,27.90,,,
12383972,16052022_134818,212,52,RENSCHE,25.80,2.34,23.46
,Description,PLU,Quantity,Sales_Inc,Sales_Ex,Original,Item_Disc.
,Small_Pork_Meal,133,1,12.90,11.73,12.90,0.00
,Small_Beef_Meal,124,1,12.90,11.73,12.90,0.00
,EFTPOS,2,,25.80,,,
12383980,16052022_135017,211,67,ROB,20.00,1.81,18.19
,Description,PLU,Quantity,Sales_Inc,Sales_Ex,Original,Item_Disc.
,HD_Pork_Toastie,1249,1,9.50,8.64,9.50,0.00
,HD_Brisket_Triple_Cheese_Toastie,1251,1,10.50,9.55,10.50,0.00
,UBER_EATS,15,,20.00,,,
12383987,16052022_135256,212,53,ROB,5.50,0.50,5.00
,Description,PLU,Quantity,Sales_Inc,Sales_Ex,Original,Item_Disc.
,Regular_Chips,11,1,5.50,5.00,5.50,0.00
,EFTPOS,2,,5.50,,,
12383988,16052022_135259,211,68,RENSCHE,15.90,1.45,14.45
,Description,PLU,Quantity,Sales_Inc,Sales_Ex,Original,Item_Disc.
,Lamb_&_Mint_Wrap,1207,1,11.00,10.00,11.00,0.00
,600ML_Pepsi_Max,277,1,4.90,4.45,4.90,0.00
,EFTPOS,2,,15.90,,,
12383990,16052022_135324,212,54,ROB,5.50,0.50,5.00
,Description,PLU,Quantity,Sales_Inc,Sales_Ex,Original,Item_Disc.
,Regular_Chips,11,1,5.50,5.00,5.50,0.00
,EFTPOS,2,,5.50,,,
12383993,16052022_135405,211,69,ROB,7.50,0.68,6.82
,Description,PLU,Quantity,Sales_Inc,Sales_Ex,Original,Item_Disc.
,Kids_Fish&Chip,647,1,7.50,6.82,7.50,0.00
,CASH,1,,7.50,,,
12384003,16052022_135623,211,70,ROB,13.70,1.24,12.46
,Description,PLU,Quantity,Sales_Inc,Sales_Ex,Original,Item_Disc.
,Large_Chips,12,1,7.50,6.82,7.50,0.00
,Gravy_PC,336,1,1.00,0.91,1.00,0.00
,Lipton_Iced_Tea_Peach,1109,1,5.20,4.73,5.20,0.00
,EFTPOS,2,,13.70,,,
12384010,16052022_135750,211,71,ROB,12.00,1.09,10.91
,Description,PLU,Quantity,Sales_Inc,Sales_Ex,Original,Item_Disc.
,Large_Chips,12,1,7.50,6.82,7.50,0.00
,450ml_Pepsi,270,1,4.50,4.09,4.50,0.00
,CASH,1,,12.00,,,
12384022,16052022_140236,212,55,RENSCHE,30.20,2.74,27.46
,Description,PLU,Quantity,Sales_Inc,Sales_Ex,Original,Item_Disc.
,Regular_Beef_Meal,125,1,15.90,14.45,15.90,0.00
,Extra_Meat_50g,964,1,3.90,3.55,3.90,0.00
,Extra_Meat_50g,964,1,3.90,3.55,3.90,0.00
,Coffee_Milkshake,253,1,6.50,5.91,6.50,0.00
,CASH,1,,30.20,,,
12384026,16052022_140411,211,72,SAM,10.50,0.95,9.55
,Description,PLU,Quantity,Sales_Inc,Sales_Ex,Original,Item_Disc.
,Large_Chips,12,1,7.50,6.82,7.50,0.00
,Misc,370,1,2.00,1.82,2.00,0.00
,Gravy_PC,336,1,1.00,0.91,1.00,0.00
,EFTPOS,2,,10.50,,,
12384027,16052022_140424,211,73,SAM,9.00,0.82,8.18
,Description,PLU,Quantity,Sales_Inc,Sales_Ex,Original,Item_Disc.
,Beef_Sandwich,35,1,9.00,8.18,9.00,0.00
,CASH,1,,10.00,,,
,CHANGE,9996,,1.00,,,
12384037,16052022_140752,212,56,ROB,20.40,1.86,18.54
,Description,PLU,Quantity,Sales_Inc,Sales_Ex,Original,Item_Disc.
,Regular_Chips,11,1,5.50,5.00,5.50,0.00
,Gravy_PC,336,1,1.00,0.91,1.00,0.00
,Regular_Chips,11,1,5.50,5.00,5.50,0.00
,Tomato_Sauce_PC,348,1,1.20,1.09,1.20,0.00
,Apple_Pop_Top,326,1,3.60,3.27,3.60,0.00
,Apple_Pop_Top,326,1,3.60,3.27,3.60,0.00
,EFTPOS,2,,20.40,,,
12384040,16052022_140835,211,74,RENSCHE,8.50,0.77,7.73
,Description,PLU,Quantity,Sales_Inc,Sales_Ex,Original,Item_Disc.
,Large_Chips,12,1,7.50,6.82,7.50,0.00
,Gravy_PC,336,1,1.00,0.91,1.00,0.00
,EFTPOS,2,,8.50,,,
12384047,16052022_141045,212,57,RENSCHE,9.50,0.86,8.64
,Description,PLU,Quantity,Sales_Inc,Sales_Ex,Original,Item_Disc.
,PF_Pork_Toastie,1128,1,9.50,8.64,9.50,0.00
,EFTPOS,2,,9.50,,,
12384066,16052022_141541,212,58,ROB,34.80,3.15,31.65
,Description,PLU,Quantity,Sales_Inc,Sales_Ex,Original,Item_Disc.
,Tropical_Spud,178,1,11.70,10.64,11.70,0.00
,Brisket_Spud,926,1,12.70,11.55,12.70,0.00
,Lipton_Iced_Tea_Lemon,1111,1,5.20,4.73,5.20,0.00
,300ML_Orange_Juice,291,1,5.20,4.73,5.20,0.00
,EFTPOS,2,,34.80,,,
12384070,16052022_141651,212,59,SAM,11.61,1.06,10.55
,Description,PLU,Quantity,Sales_Inc,Sales_Ex,Original,Item_Disc.
,Small_Pork_Meal,133,1,11.61,10.55,12.90,1.29
,DISCOUNT,0,,1.29,,,
,CASH,1,,20.00,,,
,CHANGE,9996,,8.40,,,
,CASH_ROUNDING,8010,,-0.01,,,
12384101,16052022_142625,211,75,RENSCHE,12.90,1.17,11.73
,Description,PLU,Quantity,Sales_Inc,Sales_Ex,Original,Item_Disc.
,Small_Beef_Meal,124,1,12.90,11.73,12.90,0.00
,EFTPOS,2,,12.90,,,
12384108,16052022_142939,211,76,RENSCHE,21.40,1.95,19.45
,Description,PLU,Quantity,Sales_Inc,Sales_Ex,Original,Item_Disc.
,Regular_Pork_Meal,134,1,15.90,14.45,15.90,0.00
,Pork_Crackling_Cup,111,1,5.50,5.00,5.50,0.00
,EFTPOS,2,,21.40,,,
12384111,16052022_143137,212,60,SAM,4.95,0.45,4.50
,Description,PLU,Quantity,Sales_Inc,Sales_Ex,Original,Item_Disc.
,Pork_Crackling_Cup,111,1,4.95,4.50,5.50,0.55
,DISCOUNT,0,,0.55,,,
,CASH,1,,4.95,,,
12384121,16052022_143436,212,61,SAM,6.50,0.59,5.91
,Description,PLU,Quantity,Sales_Inc,Sales_Ex,Original,Item_Disc.
,Regular_Chips,11,1,5.50,5.00,5.50,0.00
,Gravy_PC,336,1,1.00,0.91,1.00,0.00
,CASH,1,,6.50,,,
12384122,16052022_143456,211,77,RENSCHE,23.50,2.14,21.36
,Description,PLU,Quantity,Sales_Inc,Sales_Ex,Original,Item_Disc.
,600ML_Sunkist,279,1,4.90,4.45,4.90,0.00
,Apple_Pop_Top,326,1,3.60,3.27,3.60,0.00
,Regular_Chips,11,1,5.50,5.00,5.50,0.00
,PF_Pork_Toastie,1128,1,9.50,8.64,9.50,0.00
,EFTPOS,2,,23.50,,,
12384126,16052022_143621,212,62,SAM,50.00,4.56,45.44
,Description,PLU,Quantity,Sales_Inc,Sales_Ex,Original,Item_Disc.
,Steak_Burger,755,1,12.50,11.36,12.50,0.00
,+_Cheese,352,1,1.50,1.36,1.50,0.00
,+_Egg,360,1,2.00,1.82,2.00,0.00
,BBQ_Sauce,852,1,0.00,0.00,0.00,0.00
,Steak_Burger,755,1,12.50,11.36,12.50,0.00
,+_Cheese,352,1,1.50,1.36,1.50,0.00
,+_Egg,360,1,2.00,1.82,2.00,0.00
,BBQ_Sauce,852,1,0.00,0.00,0.00,0.00
,Large_Chip_Meal,501,1,4.10,3.73,4.10,0.00
,600ML_Solo,280,1,4.90,4.45,4.90,0.00
,Large_Chip_Meal,501,1,4.10,3.73,4.10,0.00
,600ML_Pepsi,276,1,4.90,4.45,4.90,0.00
,EFTPOS,2,,50.00,,,
12384129,16052022_143713,211,78,RENSCHE,17.00,1.54,15.46
,Description,PLU,Quantity,Sales_Inc,Sales_Ex,Original,Item_Disc.
,Mini_Beef_Roll_&_Chip,847,1,7.50,6.82,7.50,0.00
,Mini_Beef_Roll_&_Chip,847,1,7.50,6.82,7.50,0.00
,Gravy_PC,336,1,1.00,0.91,1.00,0.00
,Gravy_PC,336,1,1.00,0.91,1.00,0.00
,EFTPOS,2,,17.00,,,
12384137,16052022_143926,212,63,SAM,10.40,0.95,9.45
,Description,PLU,Quantity,Sales_Inc,Sales_Ex,Original,Item_Disc.
,Regular_Chips,11,1,5.50,5.00,5.50,0.00
,600ML_Sunkist,279,1,4.90,4.45,4.90,0.00
,CASH,1,,20.00,,,
,CHANGE,9996,,9.60,,,
12384140,16052022_144235,212,64,SAM,6.50,0.59,5.91
,Description,PLU,Quantity,Sales_Inc,Sales_Ex,Original,Item_Disc.
,Regular_Chips,11,1,5.50,5.00,5.50,0.00
,Gravy_PC,336,1,1.00,0.91,1.00,0.00
,CASH,1,,20.00,,,
,CHANGE,9996,,13.50,,,
12384146,16052022_144710,212,65,SAM,22.40,2.03,20.37
,Description,PLU,Quantity,Sales_Inc,Sales_Ex,Original,Item_Disc.
,Large_Chips,12,1,7.50,6.82,7.50,0.00
,Gravy_PC,336,1,1.00,0.91,1.00,0.00
,Small_Lamb_Meal,130,1,13.90,12.64,13.90,0.00
,EFTPOS,2,,22.40,,,
12384169,16052022_150540,212,-1,SAM,0.00,0.00,0.00
,Description,PLU,Quantity,Sales_Inc,Sales_Ex,Original,Item_Disc.
,NO_SALES,99,,0.00,,,
12384170,16052022_150542,211,-1,SAM,0.00,0.00,0.00
,Description,PLU,Quantity,Sales_Inc,Sales_Ex,Original,Item_Disc.
,NO_SALES,99,,0.00,,,
12384173,16052022_151005,212,66,SAM,7.50,0.68,6.82
,Description,PLU,Quantity,Sales_Inc,Sales_Ex,Original,Item_Disc.
,Large_Chips,12,1,7.50,6.82,7.50,0.00
,EFTPOS,2,,7.50,,,
12384183,16052022_151804,212,67,SAM,7.50,0.68,6.82
,Description,PLU,Quantity,Sales_Inc,Sales_Ex,Original,Item_Disc.
,Large_Chips,12,1,7.50,6.82,7.50,0.00
,EFTPOS,2,,7.50,,,
12384185,16052022_151823,212,68,SAM,10.50,0.95,9.55
,Description,PLU,Quantity,Sales_Inc,Sales_Ex,Original,Item_Disc.
,Regular_Chips,11,1,5.50,5.00,5.50,0.00
,Gravy_PC,336,1,1.00,0.91,1.00,0.00
,600ML_Water,264,1,4.00,3.64,4.00,0.00
,EFTPOS,2,,10.50,,,
12384194,16052022_152314,212,69,SAM,29.50,2.69,26.81
,Description,PLU,Quantity,Sales_Inc,Sales_Ex,Original,Item_Disc.
,HD_Veggie_Burger,1240,1,11.50,10.45,11.50,0.00
,HD_Cheese_Slaw_Spud,1253,1,9.00,8.18,9.00,0.00
,Large_Chips,12,1,7.50,6.82,7.50,0.00
,HD_Gravy,1230,1,1.50,1.36,1.50,0.00
,UBER_EATS,15,,29.50,,,
12384198,16052022_152445,212,70,SAM,26.50,2.41,24.09
,Description,PLU,Quantity,Sales_Inc,Sales_Ex,Original,Item_Disc.
,HD_Pork_Belly_Burger,1238,1,12.50,11.36,12.50,0.00
,Reg_Onion_Rings,599,1,6.50,5.91,6.50,0.00
,Large_Chips,12,1,7.50,6.82,7.50,0.00
,UBER_EATS,15,,26.50,,,
12384201,16052022_152643,212,71,SAM,6.50,0.59,5.91
,Description,PLU,Quantity,Sales_Inc,Sales_Ex,Original,Item_Disc.
,Regular_Chips,11,1,5.50,5.00,5.50,0.00
,Gravy_PC,336,1,1.00,0.91,1.00,0.00
,CASH,1,,6.50,,,
12384228,16052022_154230,212,72,SAM,15.50,1.41,14.09
,Description,PLU,Quantity,Sales_Inc,Sales_Ex,Original,Item_Disc.
,Beef_Sandwich,35,1,9.00,8.18,9.00,0.00
,Regular_Gems,16,1,5.50,5.00,5.50,0.00
,Gravy_PC,336,1,1.00,0.91,1.00,0.00
,EFTPOS,2,,15.50,,,
12384230,16052022_154459,212,73,SAM,6.50,0.59,5.91
,Description,PLU,Quantity,Sales_Inc,Sales_Ex,Original,Item_Disc.
,Regular_Chips,11,1,5.50,5.00,5.50,0.00
,Gravy_PC,336,1,1.00,0.91,1.00,0.00
,EFTPOS,2,,6.50,,,
12384233,16052022_154714,212,74,SAM,6.50,0.59,5.91
,Description,PLU,Quantity,Sales_Inc,Sales_Ex,Original,Item_Disc.
,Regular_Chips,11,1,5.50,5.00,5.50,0.00
,Gravy_PC,336,1,1.00,0.91,1.00,0.00
,EFTPOS,2,,6.50,,,
12384235,16052022_154725,212,75,SAM,5.50,0.50,5.00
,Description,PLU,Quantity,Sales_Inc,Sales_Ex,Original,Item_Disc.
,Regular_Gems,16,1,5.50,5.00,5.50,0.00
,CASH,1,,5.50,,,
12384240,16052022_155016,212,76,SAM,9.50,0.86,8.64
,Description,PLU,Quantity,Sales_Inc,Sales_Ex,Original,Item_Disc.
,Brisket_Topped_Chips,815,1,9.50,8.64,9.50,0.00
,EFTPOS,2,,9.50,,,
12384245,16052022_155321,212,77,SAM,14.00,1.27,12.73
,Description,PLU,Quantity,Sales_Inc,Sales_Ex,Original,Item_Disc.
,Large_Chips,12,1,7.50,6.82,7.50,0.00
,Gravy_PC,336,1,1.00,0.91,1.00,0.00
,Regular_Chips,11,1,5.50,5.00,5.50,0.00
,EFTPOS,2,,14.00,,,
12384247,16052022_155621,212,78,SAM,11.61,1.06,10.55
,Description,PLU,Quantity,Sales_Inc,Sales_Ex,Original,Item_Disc.
,Small_Beef_Meal,124,1,11.61,10.55,12.90,1.29
,DISCOUNT,0,,1.29,,,
,EFTPOS,2,,11.61,,,
12384248,16052022_155816,212,79,SAM,22.80,2.08,20.72
,Description,PLU,Quantity,Sales_Inc,Sales_Ex,Original,Item_Disc.
,Regular_Pork_Meal,134,1,15.90,14.45,15.90,0.00
,600ML_Pepsi_Max,277,1,4.90,4.45,4.90,0.00
,Misc,370,1,2.00,1.82,2.00,0.00
,EFTPOS,2,,22.80,,,
12384257,16052022_160511,212,80,SAM,8.50,0.77,7.73
,Description,PLU,Quantity,Sales_Inc,Sales_Ex,Original,Item_Disc.
,Large_Chips,12,1,7.50,6.82,7.50,0.00
,Gravy_PC,336,1,1.00,0.91,1.00,0.00
,CASH,1,,10.00,,,
,CHANGE,9996,,1.50,,,
12384258,16052022_160528,212,81,SAM,5.50,0.50,5.00
,Description,PLU,Quantity,Sales_Inc,Sales_Ex,Original,Item_Disc.
,Regular_Chips,11,1,5.50,5.00,5.50,0.00
,EFTPOS,2,,5.50,,,
12384263,16052022_160923,212,82,SAM,6.50,0.59,5.91
,Description,PLU,Quantity,Sales_Inc,Sales_Ex,Original,Item_Disc.
,Regular_Chips,11,1,5.50,5.00,5.50,0.00
,Gravy_PC,336,1,1.00,0.91,1.00,0.00
,EFTPOS,2,,6.50,,,
12384273,16052022_162543,212,83,SAM,6.50,0.59,5.91
,Description,PLU,Quantity,Sales_Inc,Sales_Ex,Original,Item_Disc.
,Regular_Gems,16,1,5.50,5.00,5.50,0.00
,Gravy_PC,336,1,1.00,0.91,1.00,0.00
,EFTPOS,2,,6.50,,,
12384277,16052022_162938,212,84,SAM,11.00,1.00,10.00
,Description,PLU,Quantity,Sales_Inc,Sales_Ex,Original,Item_Disc.
,Lamb_&_Mint_Wrap,1207,1,11.00,10.00,11.00,0.00
,EFTPOS,2,,11.00,,,
12384283,16052022_163638,212,85,SAM,12.90,1.17,11.73
,Description,PLU,Quantity,Sales_Inc,Sales_Ex,Original,Item_Disc.
,Small_Beef_Meal,124,1,12.90,11.73,12.90,0.00
,EFTPOS,2,,12.90,,,
12384296,16052022_171508,212,-1,SAM,0.00,0.00,0.00
,Description,PLU,Quantity,Sales_Inc,Sales_Ex,Original,Item_Disc.
,NO_SALES,99,,0.00,,,
